date,equity,credit,gold,utilities
2021-01-04,-0.00199325,-0.00620394,0.02466614,-0.00783217
2021-01-05,0.00835780,0.00925673,-0.01838791,0.00536209
2021-01-06,0.00106544,0.00407516,0.00141948,-0.00356311
2021-01-07,0.01486744,0.00530960,0.00080898,0.00440209
2021-01-08,0.02627282,0.00666596,-0.01647493,0.00738446
2021-01-11,0.01526090,0.00671035,0.00307225,0.00640214
2021-01-12,-0.01091515,-0.01507533,-0.01456447,0.00441555
2021-01-13,-0.00960306,-0.00060563,0.00970367,-0.01409568
2021-01-14,0.00704363,0.00043274,-0.01725403,0.00243737
2021-01-15,0.00914881,0.00103064,0.00976441,-0.00266531
2021-01-18,0.01349684,0.00306592,-0.01226340,0.00021332
2021-01-19,0.00284652,-0.01090138,-0.00889478,-0.00324594
2021-01-20,0.00039912,-0.00622036,0.00637131,-0.00809397
2021-01-21,0.00679934,0.00633100,0.00048622,0.00705207
2021-01-22,-0.00080146,-0.00748849,0.01093649,-0.01322401
2021-01-25,0.01492695,0.00896638,0.00301765,-0.00311113
2021-01-26,-0.00384222,-0.00295249,0.00775234,-0.00076373
2021-01-27,0.00859654,0.01773720,-0.00046919,0.00738089
2021-01-28,0.00439004,0.00088362,-0.00454491,-0.00192892
2021-01-29,-0.00754516,0.00208731,0.01232953,-0.00013071
2021-02-01,-0.01612099,-0.01729294,0.00623498,-0.02271184
2021-02-02,-0.00461443,-0.00527626,0.02029853,-0.01491401
2021-02-03,-0.00987732,0.00009286,0.02576283,-0.00216389
2021-02-04,0.02238168,0.01629358,0.00068686,0.01578995
2021-02-05,-0.00394484,0.00114739,0.00134536,-0.00477324
2021-02-08,0.00066669,0.00090450,-0.00385779,0.00062696
2021-02-09,-0.01048584,0.00261366,-0.00012412,-0.00215787
2021-02-10,0.00243552,-0.00176708,-0.00628434,0.00957995
2021-02-11,-0.00374811,0.00948325,-0.00688690,-0.00284062
2021-02-12,0.00284869,0.00739390,-0.00826434,-0.00344435
2021-02-15,0.00504042,-0.00028015,-0.00024319,0.00257841
2021-02-16,-0.02849079,-0.00468055,0.01012733,-0.00866045
2021-02-17,0.01053703,0.00152831,0.01417075,-0.00216065
2021-02-18,-0.01625766,-0.00468962,0.00466771,-0.00827986
2021-02-19,-0.00175193,0.00404595,0.00562642,-0.00310894
2021-02-22,-0.00688321,0.00004766,-0.01758504,0.00565901
2021-02-23,-0.01805795,-0.00486429,0.00191116,-0.00043518
2021-02-24,0.00923148,0.00228679,-0.01340005,0.00805955
2021-02-25,0.01725685,-0.00131742,-0.00951929,0.00891832
2021-02-26,0.01333775,0.00630432,0.00842047,0.00295029
2021-03-01,0.01027497,0.01057242,-0.00072221,0.01421897
2021-03-02,-0.01419970,-0.01225263,0.00511305,0.00212179
2021-03-03,-0.00506336,-0.00483815,0.00192672,0.00226352
2021-03-04,-0.01342335,0.00154976,-0.01500535,-0.00168126
2021-03-05,-0.00725646,0.00042364,0.00152750,0.00190410
2021-03-08,-0.01410145,-0.00228965,0.00156147,0.00331034
2021-03-09,-0.00871056,-0.00669932,-0.00418415,-0.00432400
2021-03-10,-0.00193833,0.01432091,-0.00559794,0.00982572
2021-03-11,0.01600504,0.00716896,0.00966291,0.01429949
2021-03-12,-0.00240115,-0.00966142,-0.00720837,-0.00118049
2021-03-15,0.01782943,-0.00005418,0.01508444,0.00728706
2021-03-16,-0.00154814,0.01227841,0.00035407,0.00003197
2021-03-17,-0.00113964,-0.00842184,-0.00119200,-0.00073929
2021-03-18,0.01657432,0.00093162,0.00887091,0.00752747
2021-03-19,-0.01274978,-0.00491484,0.00617631,-0.00857237
2021-03-22,-0.00211357,0.00240008,0.00671457,-0.00134751
2021-03-23,0.02386799,-0.00562110,-0.00246797,0.00088561
2021-03-24,0.01718083,0.00615955,0.01442957,0.01113876
2021-03-25,-0.03218523,-0.01423127,0.00751988,-0.01823672
2021-03-26,-0.00993122,0.00672134,-0.00047587,0.00421075
2021-03-29,-0.01661684,-0.00543814,0.00892803,-0.00689693
2021-03-30,-0.03893540,-0.01645924,0.02179339,-0.01111350
2021-03-31,0.00795585,-0.00289570,-0.00063143,0.00005574
2021-04-01,-0.00347993,0.00710064,0.01054427,0.00042620
2021-04-02,-0.01812073,-0.00985159,-0.01264872,-0.00070653
2021-04-05,0.00766383,0.00297848,-0.02039385,0.01924521
2021-04-06,-0.00524215,-0.00517495,-0.01414892,-0.00180811
2021-04-07,0.01212842,0.00129501,0.01469221,0.00971324
2021-04-08,0.00303739,0.00610556,-0.00215190,0.00277756
2021-04-09,0.00462688,-0.00106174,-0.01004575,-0.01093742
2021-04-12,-0.00346692,-0.00033388,-0.00434095,-0.00859956
2021-04-13,0.00006255,0.00670386,0.01446208,-0.00498940
2021-04-14,-0.01995965,-0.01307367,0.00444646,0.00034163
2021-04-15,-0.00418046,-0.00619095,0.00867522,-0.00991442
2021-04-16,-0.00267985,-0.00059476,-0.00961083,0.00571126
2021-04-19,-0.00361071,0.00144959,0.01315692,-0.00904573
2021-04-20,0.00514184,0.00023919,-0.00062104,-0.00082728
2021-04-21,0.01320850,0.00301276,0.00069389,0.00327936
2021-04-22,0.01345523,0.00542405,-0.00230213,0.01282174
2021-04-23,-0.01931514,-0.00784426,0.01019242,-0.01114266
2021-04-26,0.00080137,0.01148557,-0.00248947,-0.00544161
2021-04-27,0.00283125,0.00558541,-0.01897150,0.00660477
2021-04-28,0.00225687,0.00578983,-0.00426985,0.00862537
2021-04-29,-0.02718444,-0.00052195,0.00873582,-0.00632977
2021-04-30,-0.00030196,-0.00428761,-0.00832801,-0.00417829
2021-05-03,0.00270113,0.01230991,-0.00255877,0.00918896
2021-05-04,-0.00669681,0.00365485,-0.00383277,-0.00943386
2021-05-05,-0.00227205,-0.00467452,-0.00168781,-0.00175455
2021-05-06,0.01463053,0.00462101,0.00928718,0.01242119
2021-05-07,-0.02892279,-0.00186537,-0.00122351,-0.00960947
2021-05-10,0.03288069,0.01020729,-0.00181037,0.01351762
2021-05-11,0.02074373,0.01143061,-0.01281457,0.01764924
2021-05-12,-0.00276287,0.00243001,0.00070873,0.01012120
2021-05-13,-0.00490273,0.00184383,-0.00378134,0.00593641
2021-05-14,0.00567338,-0.00108118,-0.00680746,-0.00546286
2021-05-17,0.01768717,-0.00167164,0.01637385,0.01691640
2021-05-18,-0.01141548,-0.01150387,0.01432536,-0.00431739
2021-05-19,-0.01596928,-0.01076751,-0.00515861,-0.02155001
2021-05-20,0.00201961,0.00346379,0.01613369,-0.00460095
2021-05-21,-0.00155674,-0.00253748,0.00388180,-0.00406720
2021-05-24,0.00255454,0.00568497,0.01472020,0.01585558
2021-05-25,0.00009290,0.00343895,-0.00085680,0.00972972
2021-05-26,0.00999213,0.01477368,-0.00401808,0.01186785
2021-05-27,0.01950459,-0.00299000,0.01674015,-0.00461597
2021-05-28,-0.00655654,0.00241672,-0.01244882,-0.00639590
2021-05-31,0.01445429,-0.00394519,0.02261655,0.00937287
2021-06-01,0.01657694,0.00046966,-0.01375203,0.00725917
2021-06-02,0.00912861,0.00519383,-0.00299495,0.00580842
2021-06-03,0.00818150,0.01721475,0.01376961,0.03275546
2021-06-04,-0.02261739,-0.00729701,-0.00876400,-0.00982262
2021-06-07,-0.00156332,-0.00256903,0.00521891,0.01186152
2021-06-08,0.00008758,0.00067347,0.00635926,0.00255070
2021-06-09,-0.01684788,-0.00537548,-0.00830849,-0.00427750
2021-06-10,0.01302246,-0.00481231,-0.00617621,0.01311989
2021-06-11,-0.00477620,-0.00093382,-0.01094742,-0.00507383
2021-06-14,0.01387347,0.00541546,0.01686071,0.00761714
2021-06-15,0.01206345,0.00401338,-0.00512488,0.01059417
2021-06-16,0.00076294,-0.00235322,0.00126045,0.00559738
2021-06-17,-0.01369939,-0.00849995,0.01353528,-0.00224966
2021-06-18,-0.00019056,-0.01244383,-0.00506242,0.00009625
2021-06-21,-0.00424426,-0.00637263,0.01702822,0.00695193
2021-06-22,0.01933516,0.00447194,-0.01892034,0.02148105
2021-06-23,0.01522694,0.00430516,0.00439339,0.00391319
2021-06-24,0.00202041,0.00154807,-0.01241450,0.00138000
2021-06-25,0.00588761,-0.00199400,0.01105948,-0.00221033
2021-06-28,-0.00206380,-0.00523590,0.00318369,-0.00238547
2021-06-29,-0.01781434,0.00082867,-0.01261120,0.00245789
2021-06-30,0.00698870,0.00745001,0.01646103,0.00094627
2021-07-01,0.00847960,0.00443452,0.01328595,-0.00547778
2021-07-02,0.00605211,-0.00463203,-0.00619244,0.00812251
2021-07-05,0.00834147,-0.00092383,-0.02585669,0.00018859
2021-07-06,-0.00876848,0.00481793,0.00719318,-0.00091395
2021-07-07,0.00462242,-0.00718098,-0.00012325,0.00420915
2021-07-08,0.01252464,-0.00743145,0.00360739,0.00686413
2021-07-09,0.03092043,0.01108922,-0.00969720,0.01564381
2021-07-12,0.00364161,-0.00182457,-0.01526532,0.00499593
2021-07-13,-0.01373642,-0.00935275,-0.00647845,-0.00088144
2021-07-14,-0.00078831,0.00369991,0.00446677,0.00533213
2021-07-15,-0.01044917,-0.00744357,-0.02014689,-0.01552770
2021-07-16,0.01037112,-0.00313698,-0.01171619,-0.00639907
2021-07-19,0.02046693,0.00895300,0.00986598,0.00684380
2021-07-20,-0.01438897,-0.00181339,0.00884107,-0.00669933
2021-07-21,-0.00964923,0.00851899,-0.00817049,0.00428628
2021-07-22,-0.00137737,-0.00528123,0.00977108,-0.00378079
2021-07-23,0.00291656,0.00668241,-0.00885843,-0.00034108
2021-07-26,-0.00111483,0.00119084,-0.00550906,0.00256388
2021-07-27,0.01490184,0.00839804,-0.00536153,0.00031229
2021-07-28,-0.00972638,-0.01551388,-0.00012548,-0.01522286
2021-07-29,-0.02394216,-0.00729613,0.00503501,-0.01148336
2021-07-30,-0.00443100,-0.00491603,-0.01663466,-0.00402130
2021-08-02,-0.00484069,-0.00546203,-0.00420475,-0.00638102
2021-08-03,0.00768353,-0.00603656,-0.01726134,0.00735231
2021-08-04,0.01917021,0.01178495,0.00193268,0.01112998
2021-08-05,-0.02067271,-0.01634281,0.01298341,-0.01641437
2021-08-06,0.01576963,0.00744716,0.00125085,0.01019631
2021-08-09,0.01963355,0.01095166,0.01658053,0.00370765
2021-08-10,0.01654017,0.00745319,-0.02313535,0.00370175
2021-08-11,0.02340654,0.00506323,0.00039653,0.00836860
2021-08-12,-0.00842919,-0.00111033,0.00487781,-0.00443551
2021-08-13,0.00653710,0.00034342,-0.00673021,0.01080820
2021-08-16,-0.00053626,0.01887895,-0.00105352,0.00873550
2021-08-17,-0.00271830,0.00664715,0.00347561,-0.00614332
2021-08-18,-0.00222806,-0.00529952,-0.00303225,0.00239145
2021-08-19,0.00628743,0.00691237,0.00921865,0.00497835
2021-08-20,0.00183871,-0.00379482,-0.00861979,0.01121367
2021-08-23,-0.01306563,-0.00561147,-0.00086430,-0.00168157
2021-08-24,0.00647225,-0.00318996,-0.01722743,-0.00068108
2021-08-25,0.00387049,-0.00674314,0.00270848,0.00169256
2021-08-26,-0.02477579,-0.01000890,0.01105181,-0.00219115
2021-08-27,-0.02312307,-0.00332490,0.00797338,-0.01136249
2021-08-30,-0.00089056,0.00320489,-0.00630014,-0.00079695
2021-08-31,0.00818332,0.00294496,-0.00803626,0.00072139
2021-09-01,-0.01512540,0.00035463,-0.00819705,0.00477933
2021-09-02,0.01551185,0.01018413,-0.00359105,0.01182312
2021-09-03,-0.01964731,-0.01009629,0.00679647,-0.02319288
2021-09-06,0.00483884,0.00315951,-0.00655628,-0.00307858
2021-09-07,0.01594954,0.00353021,0.00200147,0.00637621
2021-09-08,-0.01376932,-0.00642513,0.01027274,-0.01316635
2021-09-09,-0.00313967,0.00317345,-0.00840648,-0.00221592
2021-09-10,0.00416781,0.00209488,-0.01272277,-0.00088714
2021-09-13,0.01248138,0.00145948,-0.00505192,0.00690595
2021-09-14,0.01837366,0.00046357,0.00581717,0.00702005
2021-09-15,-0.00821686,-0.00412705,0.00026572,0.01679173
2021-09-16,-0.02378881,-0.00471496,0.00754598,-0.01821552
2021-09-17,-0.01217429,0.01072512,0.01861013,-0.00247399
2021-09-20,-0.03329490,-0.00796255,-0.00524127,-0.01779911
2021-09-21,0.00851233,-0.00247788,0.00743465,-0.00379328
2021-09-22,0.00349515,0.00362038,-0.00844164,-0.00408822
2021-09-23,-0.01792876,-0.00543993,-0.00597385,0.00710834
2021-09-24,0.00431088,0.00269012,-0.00213702,0.00897124
2021-09-27,0.00948384,-0.00113234,-0.00964211,0.00738007
2021-09-28,-0.01748475,-0.00609802,-0.00213127,-0.00548870
2021-09-29,-0.02491555,-0.00712434,0.00835245,-0.01202719
2021-09-30,-0.02054268,-0.01404800,-0.01136833,-0.01699342
2021-10-01,0.01808760,0.01378809,-0.02580667,0.00686189
2021-10-04,0.01072792,0.01123531,-0.01938070,0.01855706
2021-10-05,0.00977642,0.00403788,0.00281535,0.00754360
2021-10-06,0.02181920,0.01176963,-0.01372950,0.02531784
2021-10-07,0.01539805,-0.00012634,-0.00566632,0.00136174
2021-10-08,0.00101436,0.00211261,-0.01172526,0.01370549
2021-10-11,-0.00823680,-0.00005910,-0.00921530,0.00866109
2021-10-12,0.02285786,0.00115273,-0.01816752,0.01170281
2021-10-13,0.00698345,0.01115005,-0.00335057,0.00635461
2021-10-14,-0.01919095,-0.00788997,-0.00741676,-0.00709431
2021-10-15,0.01118635,0.00995844,-0.01754355,0.01341088
2021-10-18,-0.00866070,-0.00332129,-0.01187674,-0.00583646
2021-10-19,-0.00141249,0.00322632,0.00654089,-0.00302896
2021-10-20,0.00809997,0.01367601,-0.00469205,0.01931130
2021-10-21,0.00457511,0.00305942,-0.00111343,-0.00995361
2021-10-22,0.02091159,0.00657388,0.00619785,0.01451511
2021-10-25,0.00899935,-0.00583201,0.00477309,-0.01459194
2021-10-26,0.02084203,0.00460763,0.01168465,0.00518315
2021-10-27,0.01839891,0.01264487,0.00257370,0.01809263
2021-10-28,-0.00782053,-0.00098649,0.01769181,0.00044826
2021-10-29,-0.02931133,-0.00695598,0.00267845,-0.00894311
2021-11-01,-0.02229386,-0.01412532,0.00859815,-0.01909726
2021-11-02,-0.01305554,-0.00701824,-0.00717127,-0.00357015
2021-11-03,-0.01970463,-0.00809026,-0.00162640,-0.00696420
2021-11-04,0.01311764,0.01505445,0.00654146,0.00374090
2021-11-05,0.00228876,-0.00516314,0.00288920,-0.00495100
2021-11-08,-0.00873887,-0.00359560,-0.00742706,-0.00554192
2021-11-09,0.02289293,0.00144066,0.00290231,0.02187931
2021-11-10,-0.01093305,-0.00995043,0.00729276,-0.01376045
2021-11-11,0.02661066,0.00449832,-0.00489532,0.03014733
2021-11-12,-0.00357384,-0.01089087,0.00045722,-0.01375219
2021-11-15,0.00237781,0.00739406,-0.01067785,-0.00564185
2021-11-16,0.00049741,0.00470055,-0.02032858,-0.00281291
2021-11-17,0.01226617,-0.01038310,0.01311125,0.00010701
2021-11-18,-0.00057477,-0.00010348,-0.00224296,-0.00428176
2021-11-19,0.01164149,0.00560411,-0.00663820,0.00561287
2021-11-22,0.01798993,0.00741468,0.01308218,0.00733583
2021-11-23,-0.01893956,-0.01016242,0.01678922,-0.00682515
2021-11-24,-0.00048822,-0.00345569,-0.00050752,-0.01281397
2021-11-25,0.00167756,0.00690597,0.00334250,0.00211181
2021-11-26,-0.02044517,-0.00946252,0.01200290,-0.01149673
2021-11-29,-0.01105715,-0.01076955,-0.00129792,-0.00130274
2021-11-30,-0.00016387,0.01881631,-0.00086607,0.00277295
2021-12-01,0.01977696,0.00778116,-0.00715450,0.00805607
2021-12-02,0.01457492,0.00552674,0.01024983,-0.00102777
2021-12-03,0.00575159,-0.00296097,0.00014860,0.00376698
2021-12-06,-0.00547161,-0.00646455,0.00488470,-0.01294625
2021-12-07,0.01270406,0.00474907,-0.00222917,0.01591783
2021-12-08,-0.00685785,-0.00448078,0.01108164,0.00831646
2021-12-09,-0.00268273,0.00945172,-0.02097947,0.00379009
2021-12-10,-0.01626406,-0.00894448,-0.00249661,-0.00172967
2021-12-13,0.02747288,0.01545100,-0.00882597,0.00420693
2021-12-14,-0.00506550,-0.00719590,0.01146838,-0.01156679
2021-12-15,0.00888712,-0.00654886,0.01668832,-0.00448787
2021-12-16,0.02322778,0.00643781,-0.00139786,0.00370001
2021-12-17,0.03040347,0.00365084,-0.00434440,0.01518344
2021-12-20,0.00341324,0.00576984,0.01457074,0.01249973
2021-12-21,0.00046017,0.00040070,0.01803573,0.00582145
2021-12-22,-0.00651674,-0.00553145,0.00495710,0.01265863
2021-12-23,0.00447921,0.00331199,-0.00338436,0.00546624
2021-12-24,0.00629444,0.00151878,0.00376212,0.00266899
2021-12-27,0.02025337,0.00987329,-0.02408281,0.00337365
2021-12-28,0.01326031,0.01108760,-0.01977475,0.00600015
2021-12-29,-0.00268320,0.00268012,-0.02119985,0.00309664
2021-12-30,-0.00696049,-0.01033382,-0.00853210,-0.01272083
2021-12-31,-0.03528373,-0.00535139,0.01066685,-0.01248995
2022-01-03,-0.01361740,-0.00357958,-0.00410467,-0.00745788
2022-01-04,-0.02680113,-0.01172982,0.00884943,-0.01863010
2022-01-05,0.01713897,0.00913638,0.00417128,0.01112059
2022-01-06,-0.00402641,0.00115491,0.00453596,-0.00546721
2022-01-07,-0.00070196,-0.00068478,0.00434967,0.00431303
2022-01-10,0.01419413,0.01107249,-0.00266192,0.01362091
2022-01-11,0.02126591,0.00522253,-0.01352451,0.01575276
2022-01-12,0.01707059,0.01074098,0.00668548,0.01163897
2022-01-13,0.01410344,0.00102096,-0.00283027,0.02068384
2022-01-14,-0.01620112,-0.00225776,0.00276311,-0.00256662
2022-01-17,-0.01692898,-0.01117857,0.01221781,-0.01307376
2022-01-18,-0.00392549,-0.00876846,-0.00206788,-0.00333655
2022-01-19,0.03032337,0.01117526,0.00552530,0.02603158
2022-01-20,0.00906135,-0.00057833,0.00383188,0.00372289
2022-01-21,-0.02875524,-0.00617256,-0.01188008,-0.00493776
2022-01-24,0.01263017,0.00622740,-0.02234609,0.00763363
2022-01-25,0.00430690,0.00261269,0.00980461,-0.02094783
2022-01-26,-0.01853387,-0.00326632,0.01468088,-0.00213900
2022-01-27,0.00220430,-0.00041356,-0.01892801,-0.00144134
2022-01-28,0.01187977,-0.00177082,0.01423509,0.01285491
2022-01-31,0.00482179,-0.01243817,-0.00248562,0.00300363
2022-02-01,-0.01564911,-0.00750826,-0.00145231,-0.01109279
2022-02-02,0.00628135,0.00451948,0.00384111,0.00901615
2022-02-03,-0.00910343,-0.00372659,-0.00472606,-0.02026816
2022-02-04,0.02039363,0.00661603,-0.02215130,0.00132787
2022-02-07,-0.02467270,-0.01090674,0.00256956,-0.01235950
2022-02-08,0.00575201,0.00574642,0.00573474,-0.00729359
2022-02-09,-0.01114019,-0.00151529,0.01171636,-0.00404488
2022-02-10,0.00210489,-0.00532320,0.00223225,-0.01753113
2022-02-11,-0.03652383,-0.02087938,0.00343102,-0.01761262
2022-02-14,-0.02315699,-0.01517488,0.01010207,-0.00877174
2022-02-15,-0.01203596,-0.00532552,0.00110806,-0.02066245
2022-02-16,-0.01393851,-0.00042194,-0.00241269,-0.00634425
2022-02-17,0.01047592,0.00446194,-0.00592637,0.01470331
2022-02-18,0.01073937,0.00835981,-0.00463656,-0.00413039
2022-02-21,0.02194425,0.00462679,-0.01252851,0.01057081
2022-02-22,0.01174347,0.00438540,0.00070843,0.01676114
2022-02-23,0.02566641,0.01221608,0.01189032,0.00129848
2022-02-24,0.01271365,0.00200467,0.01596259,0.00415247
2022-02-25,0.00698891,-0.00443811,0.00965905,0.00863572
2022-02-28,-0.00391100,-0.00670934,-0.00763460,-0.01065308
2022-03-01,-0.01483310,-0.00896297,-0.00658003,-0.00515679
2022-03-02,-0.00549295,-0.00185397,-0.01299430,-0.01219513
2022-03-03,0.00818077,0.00427251,0.00089002,-0.00191198
2022-03-04,-0.01235213,-0.00893251,0.00847885,-0.01615295
2022-03-07,-0.00059122,0.00413054,-0.01562986,0.00417410
2022-03-08,0.01987197,0.00859038,0.00041822,0.02174510
2022-03-09,0.00141322,-0.00214134,-0.00353259,-0.00086168
2022-03-10,-0.03118402,-0.01981398,-0.00346089,-0.00740123
2022-03-11,-0.01418824,-0.00891112,-0.00418749,-0.00595803
2022-03-14,-0.01062116,-0.00546718,0.00702546,0.00761455
2022-03-15,0.02619220,0.01675285,0.01312529,0.01235556
2022-03-16,0.00500318,0.00416274,-0.00247747,0.00425457
2022-03-17,-0.01324260,0.00548877,-0.00648874,0.01345379
2022-03-18,0.01439313,0.00055913,0.00281417,0.00480703
2022-03-21,0.02889950,-0.00187971,-0.00043829,0.00891523
2022-03-22,-0.01566259,-0.00697003,0.01218445,-0.00841024
2022-03-23,0.00452866,-0.00264521,-0.00946456,-0.00333390
2022-03-24,0.02175081,0.00527560,-0.00626886,0.00283822
2022-03-25,0.02276640,0.00450168,-0.00313610,0.00630798
2022-03-28,0.00090141,0.00699687,0.00312042,-0.00157281
2022-03-29,0.00562620,-0.00340466,0.01705662,0.00187740
2022-03-30,-0.00861793,-0.00099402,0.00346245,0.00018206
2022-03-31,-0.00552659,0.00300096,0.00808826,-0.00848423
2022-04-01,0.01378915,0.00963500,0.00516334,-0.00233254
2022-04-04,0.00720344,0.01384257,-0.00509823,0.00261719
2022-04-05,0.01345118,0.00275245,0.01274304,-0.00327716
2022-04-06,0.01608900,-0.00316433,-0.00343507,0.01141226
2022-04-07,0.01349541,0.00245500,0.00178789,0.00269313
2022-04-08,0.00372721,-0.00248618,0.00421853,0.00358451
2022-04-11,-0.00108696,-0.00203216,-0.00074853,0.00897714
2022-04-12,-0.00557271,-0.00107926,-0.00249077,0.00500152
2022-04-13,0.00603141,0.00272895,-0.00402289,-0.00912667
2022-04-14,0.00346357,-0.00361700,0.00409931,-0.00135439
2022-04-15,0.01779072,-0.00515393,0.00170831,-0.00816124
2022-04-18,0.00156058,0.00098421,-0.02375176,0.01072665
2022-04-19,-0.00466700,0.00474030,-0.00455766,0.00626015
2022-04-20,-0.00228656,0.00628122,0.00578104,0.01519376
2022-04-21,-0.00096875,-0.00425757,-0.00395790,0.00263175
2022-04-22,0.01031766,0.00632593,-0.00922783,0.00666293
2022-04-25,0.00002417,0.00519380,0.00845396,0.00094581
2022-04-26,0.00821530,-0.00231294,0.00404615,-0.00098803
2022-04-27,-0.00057940,-0.00732993,0.00882442,0.00075179
2022-04-28,-0.00138654,-0.01007325,-0.00005709,-0.00347687
2022-04-29,-0.01874661,-0.00636489,0.00822065,-0.00723007
2022-05-02,0.02056216,0.01253516,-0.00548469,0.02681065
2022-05-03,0.00626909,0.00208911,-0.01180667,0.00731455
2022-05-04,0.01499633,0.00337561,0.01803129,0.00534413
2022-05-05,0.00902763,-0.00540422,-0.00175839,-0.00759814
2022-05-06,0.01560164,0.00261294,-0.01256560,0.00383668
2022-05-09,-0.00524879,0.00072597,-0.00578596,0.00473114
2022-05-10,-0.00334819,0.00053486,-0.00951428,0.00206181
2022-05-11,0.01980385,0.00860416,0.00183344,0.01150347
2022-05-12,0.02849210,0.01277993,-0.00053665,0.01784836
2022-05-13,-0.01938076,-0.00421946,0.00454643,-0.00233592
2022-05-16,-0.01084340,-0.00934347,-0.01999413,-0.01212157
2022-05-17,-0.00059195,0.00795222,-0.01099464,-0.00200004
2022-05-18,-0.00287249,0.00175032,-0.00154357,0.00152826
2022-05-19,-0.00545096,0.00170284,-0.00719272,0.01199459
2022-05-20,-0.00924175,-0.00198139,0.00468170,-0.01382752
2022-05-23,-0.00712119,-0.00672406,-0.01910296,-0.00409288
2022-05-24,0.02193589,0.00815857,-0.00048744,0.00354449
2022-05-25,-0.01481105,-0.00390969,0.00763628,-0.01997222
2022-05-26,0.00623528,0.00530210,0.00223002,0.01476885
2022-05-27,-0.00547761,0.00443712,0.00146084,0.00654102
2022-05-30,0.01274926,0.01061307,0.01305260,-0.00295462
2022-05-31,0.01232326,-0.00282111,0.01379775,0.00385088
2022-06-01,-0.01157720,0.00609714,-0.00706527,-0.00438093
2022-06-02,-0.01482753,-0.01050324,0.01370424,-0.01504110
2022-06-03,0.00979378,0.00692837,-0.00542994,0.00763927
2022-06-06,0.00565306,0.00742059,0.00293439,0.00237167
2022-06-07,0.01237129,0.00465134,0.00840666,0.01207346
2022-06-08,-0.01457786,-0.01010543,-0.00739527,-0.01697207
2022-06-09,0.00106504,0.00771230,-0.00607698,0.00672663
2022-06-10,-0.01573278,-0.00496725,-0.01245995,-0.00455489
2022-06-13,0.00097445,0.00182055,0.00150436,0.00089222
2022-06-14,-0.01687020,0.01027472,-0.00827617,-0.00250135
2022-06-15,-0.00581035,-0.00684539,0.01441620,0.00794032
2022-06-16,0.02063462,0.00767996,0.01191737,0.01416050
2022-06-17,0.02019131,0.00761041,0.00192862,-0.00255125
2022-06-20,0.02302585,0.01206519,0.00247745,0.01888905
2022-06-21,0.00795692,0.00212606,0.01215129,0.00191475
2022-06-22,-0.00107838,-0.00095214,0.00789516,-0.00691802
2022-06-23,0.00392366,0.00351129,-0.00157578,-0.00077619
2022-06-24,-0.02319540,-0.00800741,-0.00234769,-0.00676960
2022-06-27,-0.01210869,-0.00644206,0.01584414,-0.00486040
2022-06-28,-0.01242708,0.00020717,0.00609549,-0.00379498
2022-06-29,0.02146441,0.01109710,0.00448081,0.01242570
2022-06-30,-0.01948611,-0.00545476,0.01341308,-0.00298316
2022-07-01,-0.02964017,-0.01025240,0.00661009,-0.01494601
2022-07-04,0.00553304,-0.00123128,0.01114608,0.00168546
2022-07-05,0.00772586,0.00466044,-0.00960969,0.00883930
2022-07-06,-0.01683971,-0.01018388,-0.01504043,0.00060325
2022-07-07,-0.00064246,0.00359767,-0.01107963,-0.00887142
2022-07-08,0.02732212,0.01302318,-0.00788983,0.02152387
2022-07-11,0.01701620,0.00636515,-0.01008754,0.00906814
2022-07-12,-0.00913443,-0.01193065,0.01258811,0.00063574
2022-07-13,0.00459942,-0.00501766,0.00945897,0.00522052
2022-07-14,-0.00368769,-0.01224983,0.00642575,-0.01950102
2022-07-15,0.00800007,0.00088749,-0.00763133,0.00563633
2022-07-18,0.00536833,-0.00194123,-0.00643262,-0.00845763
2022-07-19,-0.00035260,0.00269162,0.00721803,0.00870748
2022-07-20,0.01894830,0.01434740,0.00307255,0.01498074
2022-07-21,-0.00882929,-0.00096086,0.00086009,-0.00117094
2022-07-22,0.00925605,0.00795549,0.00070739,-0.00159487
2022-07-25,0.02938432,0.00903268,-0.01900954,0.01495517
2022-07-26,0.01874157,0.00567382,0.00231847,0.00637089
2022-07-27,-0.00293495,-0.00622267,-0.00118728,0.00495251
2022-07-28,0.00156560,0.00901454,0.01722053,0.00731369
2022-07-29,-0.01367364,-0.00880530,-0.00146700,-0.00306140
2022-08-01,-0.00816925,0.00057806,-0.00620681,-0.00782321
2022-08-02,0.00559813,0.00713600,0.00782006,0.00966889
2022-08-03,-0.01221295,0.00694636,0.01139950,0.00254129
2022-08-04,-0.00234014,-0.00508789,0.00708547,-0.00407799
2022-08-05,-0.02596090,-0.00280428,0.01159151,-0.01516769
2022-08-08,0.01723830,0.00779128,-0.00784435,0.00386385
2022-08-09,0.01687620,0.00972270,-0.01302213,0.01508305
2022-08-10,0.00640338,-0.00424667,0.02366325,0.01020149
2022-08-11,-0.00642530,0.00318833,0.00915755,-0.00491232
2022-08-12,-0.00028984,0.00682063,-0.00806846,0.00811702
2022-08-15,0.00986173,0.00793063,-0.00612689,0.00750750
2022-08-16,-0.00600355,0.00038700,0.01009280,-0.00594296
2022-08-17,-0.01849918,-0.01146056,0.00187646,-0.01578922
2022-08-18,-0.01287537,-0.00599973,0.01778199,-0.01808941
2022-08-19,-0.01143621,-0.00194016,-0.00257323,-0.00081889
2022-08-22,-0.02728579,-0.01430499,0.00449446,-0.01162147
2022-08-23,0.00488717,0.00309076,-0.00367770,0.00450889
2022-08-24,0.02134578,-0.00030548,-0.01072758,0.00246747
2022-08-25,0.00470894,0.00625754,0.02102158,-0.00189154
2022-08-26,0.01335421,-0.00040244,-0.00753781,-0.00134986
2022-08-29,0.01759482,0.01323866,-0.00771624,0.01010388
2022-08-30,-0.01690596,-0.00285771,0.01611186,-0.00658185
2022-08-31,-0.01391307,-0.01929465,0.01129321,-0.01973332
2022-09-01,0.01739417,-0.00147200,-0.01371795,0.00941736
2022-09-02,0.02117505,0.01667699,-0.01237762,0.01971484
2022-09-05,0.00498001,0.00677710,-0.01408799,0.01355309
2022-09-06,0.02305838,0.01616591,0.01766585,0.01726468
2022-09-07,-0.00574354,0.00614234,-0.00202528,-0.01100383
2022-09-08,-0.00232388,-0.00236249,0.00863425,-0.00568735
2022-09-09,0.00277718,0.00318557,0.00605880,0.00530281
2022-09-12,-0.01490026,-0.00313531,-0.00666745,-0.00274753
2022-09-13,-0.01629953,-0.00300231,0.01266187,-0.00915926
2022-09-14,-0.02597326,0.00578719,0.00417020,-0.01149470
2022-09-15,0.00271767,0.00230104,-0.01486688,0.02126719
2022-09-16,-0.01546444,-0.00141520,0.00136192,0.00470953
2022-09-19,-0.00378657,-0.00273944,0.00293507,-0.00245192
2022-09-20,-0.00585865,-0.00174997,-0.00496460,-0.00923475
2022-09-21,-0.02229537,-0.00834513,-0.00707738,-0.02458979
2022-09-22,0.00976515,0.00115531,-0.00526942,0.01194941
2022-09-23,0.01001133,0.01484249,-0.00324164,0.00506824
2022-09-26,-0.01404051,0.00148762,0.02051145,0.00171701
2022-09-27,-0.00170496,0.00249282,-0.00258161,0.01202011
2022-09-28,0.00865182,0.00100711,-0.00388308,-0.00541931
2022-09-29,-0.02039066,0.00779903,0.00489109,0.00096046
2022-09-30,0.00308597,-0.00401853,-0.01482455,0.00109959
2022-10-03,-0.00573588,0.00153906,-0.00215303,-0.01033908
2022-10-04,-0.00798994,-0.00127783,-0.01447382,-0.00127931
2022-10-05,-0.01429012,-0.00100737,-0.00304784,0.00340380
2022-10-06,0.00991445,0.00600617,-0.00449111,-0.00093225
2022-10-07,0.01004501,-0.00044401,0.00703549,0.00848192
2022-10-10,-0.00373032,-0.00089765,-0.01716828,0.00563234
2022-10-11,0.00123941,-0.00496786,-0.01199413,-0.01093451
2022-10-12,0.00400091,0.00301419,-0.01061334,-0.01180659
2022-10-13,-0.01760864,-0.01277959,0.00468450,-0.00858520
2022-10-14,0.00643602,0.00832357,-0.00331104,-0.00712877
2022-10-17,-0.00194078,-0.00906163,-0.01075143,-0.00376472
2022-10-18,0.00575603,0.00173145,-0.00182089,-0.00505434
2022-10-19,0.00720549,0.01376112,0.01033416,-0.00149194
2022-10-20,0.01073203,0.00228364,0.00471549,0.01625115
2022-10-21,0.00683752,-0.01098344,0.00618220,-0.00140369
2022-10-24,0.01840917,0.00055181,0.01746967,0.00877120
2022-10-25,0.00492746,0.00139841,-0.00572707,-0.00441744
2022-10-26,-0.00060019,0.00867398,-0.00586130,0.01017053
2022-10-27,0.01235817,0.00402141,-0.00954842,0.00347485
2022-10-28,-0.02301437,-0.00004371,0.00543111,-0.00565614
2022-10-31,-0.00291458,-0.00058068,-0.00030476,-0.00161695
2022-11-01,-0.00503555,-0.01458042,0.00363207,-0.00890848
2022-11-02,0.01818424,0.00938916,-0.01272251,0.01282377
2022-11-03,-0.01652940,-0.01253180,0.00200359,-0.01413091
2022-11-04,0.01020001,0.00845566,-0.00809192,0.00338289
2022-11-07,0.00442570,0.00012036,-0.00329041,0.00581775
2022-11-08,-0.02432736,-0.00957500,0.00140973,-0.01336952
2022-11-09,-0.00429645,-0.00460705,-0.00435146,0.00173334
2022-11-10,-0.01319908,-0.00406699,0.00538269,-0.01201406
2022-11-11,-0.00204896,-0.00230875,0.00287169,-0.00244680
2022-11-14,0.00454901,-0.00244153,0.00363628,0.01061382
2022-11-15,0.01149303,-0.00320384,0.00081795,0.00503976
2022-11-16,-0.00174322,0.00125632,0.00330104,0.00843813
2022-11-17,0.01265211,0.01070954,0.00930219,0.01083784
2022-11-18,-0.00023971,0.00055231,-0.02454652,-0.00395136
2022-11-21,-0.02060687,-0.00538870,-0.01126941,-0.00820240
2022-11-22,0.00659927,0.00450031,0.00421439,0.00973556
2022-11-23,-0.03035683,-0.00602486,0.00102358,-0.01363194
2022-11-24,-0.01313506,-0.00735961,-0.00766412,-0.01575115
2022-11-25,0.01049047,-0.00294612,-0.00066371,0.00260047
2022-11-28,0.00696222,-0.00926495,-0.01376936,-0.00992617
2022-11-29,-0.01397740,-0.00746886,0.01366782,-0.00486295
2022-11-30,0.01879729,0.01127258,-0.00786485,0.01095740
2022-12-01,0.01134364,0.00010596,0.00951122,0.00386026
2022-12-02,-0.00655037,0.01060360,0.02139668,0.00045913
2022-12-05,0.00960125,0.00012348,-0.00639730,0.01214739
2022-12-06,-0.00343280,-0.00233500,0.00619861,0.00121960
2022-12-07,0.00109395,-0.00793345,-0.00012460,-0.00831235
2022-12-08,0.02439684,0.00369013,0.00003258,0.00482098
2022-12-09,0.00522811,-0.00464989,-0.00102228,-0.00728181
2022-12-12,-0.00387461,-0.00543299,0.01500614,0.00226883
2022-12-13,0.01086440,-0.00061750,-0.00513362,0.00530215
2022-12-14,-0.02482341,-0.00865142,0.00980899,-0.02255566
2022-12-15,-0.00653843,-0.00416567,0.00150062,0.00088286
2022-12-16,-0.00003988,0.00810459,-0.01199548,0.00719129
2022-12-19,0.01310397,0.00669473,0.00709995,0.00066153
2022-12-20,0.02722719,0.00383008,-0.00133168,0.01351629
2022-12-21,-0.01839130,-0.00664720,0.00079569,-0.00624686
2022-12-22,0.01263019,-0.00603303,-0.01130434,0.00459916
2022-12-23,-0.00405254,-0.00193082,-0.01044282,0.00568751
2022-12-26,-0.01319671,-0.00845686,0.01011334,0.00538334
2022-12-27,-0.02307595,0.00032805,0.00018535,-0.01260733
2022-12-28,0.01721321,0.00287552,-0.00527049,0.00823306
2022-12-29,-0.03059757,-0.01055887,0.00662581,-0.01421566
2022-12-30,-0.01896197,-0.00524172,-0.01205183,-0.02849169
2023-01-02,0.00912032,0.00290937,-0.00053568,-0.00030242
2023-01-03,0.01902951,0.00155317,-0.01254662,0.00515337
2023-01-04,0.02775652,0.01209128,0.00113340,0.01628818
2023-01-05,-0.02985366,-0.01622143,0.00648628,-0.01450038
2023-01-06,-0.00737306,0.00093864,-0.00245299,-0.00274019
2023-01-09,0.03674741,0.01830779,-0.01513816,0.02668697
2023-01-10,-0.03375513,-0.01598983,0.00061842,-0.02947852
2023-01-11,-0.03324126,-0.01429841,0.01297593,-0.01624025
2023-01-12,0.03791446,0.01753286,-0.02478096,0.02814838
2023-01-13,-0.07066643,-0.02847391,0.02620075,-0.03234768
2023-01-16,-0.03769716,-0.01386671,0.01662087,-0.01757929
2023-01-17,-0.02896810,-0.02015862,0.02294802,-0.01633080
2023-01-18,-0.02830860,-0.00421945,-0.00322451,-0.01512494
2023-01-19,-0.01132796,-0.00434341,0.01685773,-0.00513287
2023-01-20,0.01669799,-0.00094877,-0.01224440,0.00632914
2023-01-23,0.02086741,0.01061257,-0.02865505,0.01520840
2023-01-24,-0.06075977,-0.03469066,0.02078543,-0.03585370
2023-01-25,0.03134886,0.01524600,-0.00764174,0.01745915
2023-01-26,0.02995548,0.00907771,0.00606277,0.01882585
2023-01-27,-0.05847055,-0.02265117,0.01605061,-0.02728444
2023-01-30,-0.01508156,-0.01230736,-0.02820857,-0.00712898
2023-01-31,0.07472304,0.03663929,-0.01609442,0.04455844
2023-02-01,0.06320787,0.02859729,-0.00313596,0.02495019
2023-02-02,-0.02046867,-0.00153606,0.01147168,-0.00683909
2023-02-03,-0.08628024,-0.04534590,0.00738828,-0.05731918
2023-02-06,-0.07293920,-0.03978250,0.00733014,-0.05313427
2023-02-07,0.02008350,0.00875641,0.00603976,0.00404740
2023-02-08,0.01510342,0.01139130,-0.00288224,0.00695053
2023-02-09,0.05824588,0.02292160,0.00162085,0.01517689
2023-02-10,-0.00323934,0.00043341,-0.00358021,0.00205477
2023-02-13,-0.00106556,0.00221763,-0.00339611,-0.00748554
2023-02-14,-0.05709179,-0.02731635,0.00251970,-0.03463137
2023-02-15,-0.04179006,-0.01229455,-0.01329697,-0.02365538
2023-02-16,0.04068187,0.01884453,-0.00692961,0.02829652
2023-02-17,-0.04874129,-0.02430103,0.01901021,-0.02630552
2023-02-20,-0.02316489,-0.01446325,0.00954972,-0.01038709
2023-02-21,-0.05426367,-0.03035648,0.01573999,-0.02520511
2023-02-22,0.03193428,0.01721936,-0.00808625,0.02255666
2023-02-23,0.04252971,0.02922170,-0.02125308,0.03607472
2023-02-24,-0.05896738,-0.03121767,0.01094622,-0.04764451
2023-02-27,-0.03778073,-0.01335427,-0.01024129,-0.00486733
2023-02-28,-0.01220158,0.00426448,-0.00746444,0.00142279
2023-03-01,0.06308431,0.03430271,-0.00355280,0.04324844
2023-03-02,-0.01500441,-0.01187741,0.00631491,-0.01371001
2023-03-03,-0.03455518,-0.00783459,-0.01780508,-0.01659926
2023-03-06,-0.01021521,-0.00096290,0.01125337,-0.01532655
2023-03-07,-0.00354395,-0.00208778,-0.00700697,0.00273283
2023-03-08,0.00508888,-0.00521765,0.00580362,0.00295100
2023-03-09,0.00199568,0.00065473,0.01152154,-0.00666386
2023-03-10,0.01751534,0.00637606,-0.00324398,0.00505125
2023-03-13,-0.02792666,-0.01271296,-0.01398544,-0.02358819
2023-03-14,0.00340132,-0.00014752,0.00660066,-0.00028575
2023-03-15,0.00054527,0.00189153,-0.01032660,0.01318056
2023-03-16,-0.00265956,0.00464994,0.00440397,-0.00479559
2023-03-17,-0.00258399,-0.00640833,0.00489751,-0.00197149
2023-03-20,0.02662691,0.01514081,0.00029356,0.01649733
2023-03-21,-0.02031440,-0.00335906,0.00417509,-0.00731622
2023-03-22,-0.01430752,-0.00826636,0.02356541,-0.01873954
2023-03-23,0.00670182,0.00024338,0.00214864,0.01103036
2023-03-24,0.02193737,0.00083307,-0.00366461,0.00414999
2023-03-27,-0.01285887,-0.00759425,-0.00114596,-0.01864779
2023-03-28,-0.01717740,-0.00791562,0.01113370,-0.01406326
2023-03-29,-0.00041816,-0.00306738,0.00650779,-0.00795526
2023-03-30,-0.00768761,0.00353535,-0.00097384,-0.00344981
2023-03-31,-0.00704923,-0.01009616,0.00968800,-0.00994829
2023-04-03,0.01389038,0.00612867,-0.00730266,-0.00652484
2023-04-04,-0.00439946,-0.00177410,0.00556160,0.00935427
2023-04-05,-0.02107563,-0.00772898,-0.00027712,-0.01151901
2023-04-06,-0.01164498,-0.00098029,-0.01243793,-0.01021636
2023-04-07,-0.01636458,-0.00282803,0.00163022,-0.00654935
2023-04-10,0.00831909,0.00118438,-0.00447529,0.00024728
2023-04-11,0.02032658,0.01287852,-0.02234264,0.01031102
2023-04-12,0.01640355,0.00306016,-0.00239395,0.01093682
2023-04-13,-0.00496028,-0.00677811,-0.00607637,0.00154103
2023-04-14,-0.00538027,-0.01072994,0.00869437,-0.00980917
2023-04-17,0.01747011,0.00725696,-0.00963345,0.00523977
2023-04-18,0.01110919,0.01285436,-0.00440119,0.01281948
2023-04-19,-0.00664663,0.00214263,-0.01133038,-0.00624544
2023-04-20,-0.00083127,0.00477577,0.00487765,0.00503458
2023-04-21,0.02398953,0.00507335,0.01450848,0.00242974
2023-04-24,-0.00427270,-0.01124966,0.01077834,-0.00969322
2023-04-25,0.01378694,-0.00691098,-0.01321057,-0.01173124
2023-04-26,-0.00285938,0.00700721,-0.00804632,0.01350646
2023-04-27,0.00533147,-0.00099094,-0.00096835,-0.00409879
2023-04-28,-0.02700548,-0.01534721,-0.00168523,-0.00791006
2023-05-01,0.01330262,0.00074120,-0.00195762,0.00005024
2023-05-02,0.02378243,0.01471417,-0.00221264,0.01755108
2023-05-03,0.01794174,0.00979149,0.00279527,0.00516169
2023-05-04,0.00334851,-0.00886929,0.00247739,0.01719289
2023-05-05,0.01300700,0.01096113,0.00484870,0.01136233
2023-05-08,-0.00935454,-0.00553821,0.00256584,-0.00001601
2023-05-09,-0.00222281,-0.00409481,-0.00607826,-0.00125440
2023-05-10,-0.02031134,-0.00255199,0.00158887,-0.00602101
2023-05-11,0.00447724,0.00049515,0.00015835,0.00129432
2023-05-12,0.01083514,0.00291570,-0.00623699,0.01298836
2023-05-15,0.00351879,-0.00009773,0.00855874,0.00886729
2023-05-16,-0.01360379,-0.00152509,-0.00891885,-0.01612259
2023-05-17,-0.01232166,-0.00800952,0.00465953,0.00025108
2023-05-18,0.01428239,0.01429766,-0.01725488,0.01600206
2023-05-19,-0.01253263,-0.01066608,-0.02360685,-0.00006736
2023-05-22,-0.01136196,0.00210929,-0.00710382,-0.01254739
2023-05-23,0.00204036,0.00581710,-0.01530568,0.01361018
2023-05-24,0.00468213,0.00087971,0.00345844,-0.00269381
2023-05-25,-0.00573926,-0.01138200,-0.00548987,-0.01298157
2023-05-26,-0.01653198,0.00457557,-0.00813554,-0.00550613
2023-05-29,-0.00251803,0.00200404,-0.00827349,-0.00729531
2023-05-30,0.00893238,0.00258234,0.01080332,0.01014633
2023-05-31,0.01417675,0.01079208,-0.02285761,0.01928808
2023-06-01,0.01656108,0.00224504,-0.01635970,0.00680237
2023-06-02,-0.02499988,-0.00456803,-0.00031183,-0.00238731
2023-06-05,-0.00164338,-0.00842835,0.00493025,-0.01102040
2023-06-06,0.00462492,-0.00105046,0.00391824,-0.00169677
2023-06-07,-0.02228310,-0.00294273,0.01766190,-0.01086835
2023-06-08,0.01862821,0.00752415,-0.00474852,0.00733329
2023-06-09,0.01138871,-0.00346414,0.00906877,0.00221616
2023-06-12,-0.00307261,-0.00037944,-0.00081380,-0.00591791
2023-06-13,0.02020328,0.00944533,-0.00375223,0.00507888
2023-06-14,-0.01252713,-0.00513443,-0.00721057,-0.00328258
2023-06-15,-0.00008982,-0.00417537,-0.01265935,-0.01152530
2023-06-16,0.02020065,-0.00095236,-0.00857420,0.00807125
2023-06-19,0.00982788,-0.00271634,0.00979830,-0.00414157
2023-06-20,0.00586190,-0.00309387,0.01513366,-0.01060357
2023-06-21,-0.01298866,-0.01479072,0.01119692,-0.01435406
2023-06-22,-0.00547994,-0.00548328,-0.00482211,0.00508020
2023-06-23,0.00119707,-0.00587000,-0.00160651,0.00202398
2023-06-26,0.01060114,0.00331659,-0.00983416,0.00366689
2023-06-27,0.00868404,-0.00488430,0.00706933,0.00655359
2023-06-28,0.01791943,0.00475499,0.00606558,0.00372026
2023-06-29,-0.00367652,-0.00264837,0.00365006,0.00109019
2023-06-30,0.01043286,0.00030863,0.00182653,-0.01156878
2023-07-03,0.00427569,0.00805915,0.00368856,0.00360139
2023-07-04,-0.00458515,-0.00610566,0.00534117,-0.00996647
2023-07-05,-0.00802306,0.00876641,0.00298012,0.01653485
2023-07-06,-0.00002596,-0.00055066,0.01450924,0.00412033
2023-07-07,0.00375204,0.00364321,0.00287596,-0.00323643
2023-07-10,-0.00953825,-0.01042348,0.00734187,0.00326051
2023-07-11,-0.01046293,-0.00796177,-0.00377686,-0.00848207
2023-07-12,-0.01870412,-0.01233113,-0.01003086,-0.01429875
2023-07-13,-0.01431483,-0.00457075,0.00670352,-0.01335933
2023-07-14,0.00611658,0.00611795,0.02817423,-0.00641719
2023-07-17,-0.00381187,0.01095003,-0.00633639,0.00451594
2023-07-18,0.00274634,-0.00376316,0.00060174,-0.00136556
2023-07-19,0.01955240,0.01416947,-0.00402737,0.00314094
2023-07-20,0.00504225,0.00455293,0.00732930,0.00797364
2023-07-21,-0.01020210,-0.01414085,0.00798422,-0.00873214
2023-07-24,-0.00983077,0.00084970,0.01918942,-0.00144856
2023-07-25,0.00533941,0.00034834,0.01241441,0.00207450
2023-07-26,0.01200548,0.00590004,-0.01077527,0.01571315
2023-07-27,0.00740639,0.00597891,-0.01300635,0.00641333
2023-07-28,0.00407040,0.00183786,0.00501193,0.00125721
2023-07-31,-0.00375799,-0.00137375,-0.01467947,0.00956105
2023-08-01,0.00591271,0.00982234,-0.01219180,0.01356646
2023-08-02,0.00293206,-0.00324917,0.00512498,0.00147636
2023-08-03,0.00471034,-0.00890969,-0.00022299,-0.00461148
2023-08-04,-0.00102997,-0.00054053,0.00736914,0.00773124
2023-08-07,-0.01380118,0.00161197,0.01126086,0.00503822
2023-08-08,0.00920121,0.00936465,0.01350129,0.00786360
2023-08-09,0.00169280,-0.00788456,-0.01282302,0.00877126
2023-08-10,0.01770946,0.00671108,-0.00768225,0.01292674
2023-08-11,0.00411341,-0.00632251,-0.00756158,-0.01694134
2023-08-14,0.00718169,0.00046389,0.00112155,-0.00929850
2023-08-15,-0.01047855,0.00215675,-0.00146233,-0.00617215
2023-08-16,0.00068097,-0.00754726,-0.00500988,0.00499128
2023-08-17,0.01275044,0.00408959,0.01365829,0.00472391
2023-08-18,-0.02583160,-0.00725573,-0.00375123,-0.01160657
2023-08-21,-0.00641734,-0.00200684,-0.00094801,-0.00438204
2023-08-22,0.00041737,0.00818316,-0.00478712,0.00229849
2023-08-23,0.01671964,0.00550021,-0.00435761,0.00487944
2023-08-24,-0.02412227,-0.00684320,-0.00509602,-0.01460990
2023-08-25,0.01511481,0.00644594,-0.00763508,-0.00118422
2023-08-28,-0.01161794,-0.00166278,-0.00014470,-0.00641913
2023-08-29,0.00681383,0.00264907,0.01096759,0.00882922
2023-08-30,-0.02316956,-0.00721350,0.00483546,-0.00596296
2023-08-31,-0.00844075,-0.00736726,-0.00420388,-0.00828837
2023-09-01,-0.00422150,-0.00461434,0.00152088,0.00507344
2023-09-04,-0.00589061,0.00314432,-0.00378380,-0.00773910
2023-09-05,0.01647297,0.01446903,-0.00216928,0.00292781
2023-09-06,0.00269801,-0.00695617,-0.00954185,-0.01263814
2023-09-07,0.01544487,0.00895046,-0.00530729,0.01007094
2023-09-08,-0.01914341,0.00094327,-0.00057055,-0.00672904
2023-09-11,-0.01369074,0.00386628,-0.01361357,0.01595475
2023-09-12,0.00323424,0.00217060,0.02170940,0.00020734
2023-09-13,0.00971879,0.00935323,-0.00559470,0.00492745
2023-09-14,-0.00616526,-0.00242331,0.00340550,-0.00172975
2023-09-15,0.01357129,0.00535510,0.00587204,0.01876422
2023-09-18,-0.00833997,0.00144338,-0.01218598,0.00599815
2023-09-19,0.01275323,0.01129988,-0.00075645,0.01356428
2023-09-20,0.02505274,0.00826768,-0.00729740,-0.00056419
2023-09-21,-0.01187396,-0.00292781,-0.00241363,-0.01112760
2023-09-22,-0.00806374,0.00417755,0.00131655,-0.00143229
2023-09-25,0.01403433,0.00829262,0.00532314,0.01010755
2023-09-26,0.00205875,0.00217432,-0.02058039,0.00775289
2023-09-27,0.00053101,-0.01159182,-0.01013657,-0.00402172
2023-09-28,-0.01666109,-0.00643883,0.01191111,-0.00996057
2023-09-29,0.01186610,0.00335886,-0.00900799,-0.00206401
2023-10-02,0.01102469,0.00625845,-0.01127576,0.00678669
2023-10-03,-0.02032180,-0.01407427,0.00369907,-0.01997819
2023-10-04,0.00822590,0.00756445,0.01540781,0.01749064
2023-10-05,-0.01940480,-0.00089474,-0.00613616,-0.00206519
2023-10-06,-0.01387386,-0.00854950,-0.00661985,-0.01217916
2023-10-09,0.03200164,0.01238291,0.00294394,0.00841476
2023-10-10,0.00954330,-0.00217744,0.00446303,-0.00051680
2023-10-11,0.00641192,0.00933105,-0.00434860,0.01094966
2023-10-12,0.00186995,0.00146043,-0.00561481,0.00713774
2023-10-13,0.02147986,0.02142497,0.00612036,0.01613904
2023-10-16,-0.01435523,-0.01084326,-0.00764561,-0.00957271
2023-10-17,0.01940869,0.01505973,0.00178416,-0.00253233
2023-10-18,0.01386379,0.00148129,-0.00964849,-0.00002268
2023-10-19,-0.01061577,0.00224418,0.00247161,-0.01415457
2023-10-20,0.00791316,0.01062546,0.00735982,-0.00179457
2023-10-23,-0.00951347,-0.00895904,0.00222952,0.00290755
2023-10-24,0.00360968,0.00449982,0.01084529,0.00661701
2023-10-25,0.00230234,0.00269057,-0.00078923,0.00213510
2023-10-26,-0.02094374,-0.00328853,0.00358653,-0.01842342
2023-10-27,0.00754491,-0.00524502,-0.00363678,0.00608327
2023-10-30,0.00500174,-0.00378573,0.01244814,-0.00095762
2023-10-31,0.01981509,0.00445365,-0.01695286,0.00382091
2023-11-01,-0.01118311,-0.00275645,0.00495154,0.00035964
2023-11-02,0.00974673,0.01357023,-0.01313710,0.00494092
2023-11-03,-0.01067437,-0.00901222,0.00294254,-0.01201408
2023-11-06,0.00821088,0.00594701,0.01575002,0.00131676
2023-11-07,0.02941581,0.00898398,0.00381139,0.01026361
2023-11-08,-0.02608610,-0.00077890,0.00106973,-0.01293207
2023-11-09,0.00029556,0.00646821,-0.01188535,0.01875618
2023-11-10,-0.01636621,-0.00945454,0.00521116,-0.00667682
2023-11-13,0.00827339,0.00341610,0.00512056,0.00770441
2023-11-14,-0.01414397,-0.01412654,-0.01744263,-0.00868181
2023-11-15,0.04160459,0.02589748,-0.02192683,0.01905185
2023-11-16,-0.00626027,-0.00396279,0.00206420,-0.01167928
2023-11-17,-0.00026318,0.00705579,-0.01282785,0.00653208
2023-11-20,-0.00563211,0.00004903,0.00493170,-0.00464563
2023-11-21,0.00047685,-0.00391682,-0.00263169,-0.00182037
2023-11-22,-0.01290906,-0.00992610,-0.00323209,-0.00553907
2023-11-23,-0.03136557,-0.01459450,-0.00614451,-0.00918752
2023-11-24,-0.01082235,-0.00586685,-0.01240804,0.00728356
2023-11-27,0.00320304,-0.00340321,0.01612270,-0.00739847
2023-11-28,-0.01086402,-0.00286420,-0.00257817,0.00223424
2023-11-29,0.00642416,0.00847057,0.00040274,0.00716422
2023-11-30,0.00324450,-0.00424410,0.00541442,0.00105872
2023-12-01,-0.01410439,0.00636337,0.01798472,0.00516332
2023-12-04,0.00420206,0.00005675,-0.01003775,0.01244464
2023-12-05,0.00030134,0.00174652,0.01307681,0.00574702
2023-12-06,0.00043284,-0.00009666,-0.00838797,0.00342869
2023-12-07,-0.02899408,-0.01094767,0.00510303,-0.02139228
2023-12-08,-0.01704516,-0.02369766,0.00730085,-0.01252607
2023-12-11,-0.00846030,-0.00884355,-0.01859266,-0.00772075
2023-12-12,0.01309553,0.00381016,0.00915243,0.00992739
2023-12-13,-0.01612126,-0.00627264,-0.00062149,-0.00225883
2023-12-14,0.00647815,-0.00149538,-0.00195508,-0.00691463
2023-12-15,-0.00465019,0.00303724,-0.00099294,0.00374527
2023-12-18,-0.00235809,-0.00259358,-0.01735890,0.00573878
2023-12-19,0.00837278,0.00023766,0.00622305,-0.00424729
2023-12-20,0.00087077,0.00159434,-0.00325607,0.00393806
2023-12-21,0.00559873,-0.00232800,0.01182516,-0.00712138
2023-12-22,-0.02444955,-0.01431781,-0.00735240,-0.01247960
2023-12-25,-0.01243564,-0.00041979,0.00307468,-0.00776934
2023-12-26,0.00443802,0.00207524,-0.00814166,0.00446884
2023-12-27,0.01685299,0.01490567,-0.00363869,0.01531415
2023-12-28,-0.00577011,-0.01118149,0.01836666,-0.00572142
2023-12-29,0.01169481,-0.00417590,0.00717119,0.00841485
2024-01-01,-0.00457290,-0.00611054,-0.00186802,-0.01621427
2024-01-02,-0.00518512,0.00307900,-0.00685997,-0.01581366
2024-01-03,0.01574236,0.00570862,-0.00938324,0.00504500
2024-01-04,0.00284513,0.00314100,-0.00716067,-0.00234009
2024-01-05,0.00022117,0.00436304,0.01821805,-0.00206058
2024-01-08,-0.01520239,-0.00219445,0.02780718,-0.00421604
2024-01-09,-0.00003048,-0.00174052,0.00833296,-0.01030690
2024-01-10,0.00337776,0.01095170,0.00969684,0.01201221
2024-01-11,-0.00701942,-0.00024616,-0.00154300,0.00371280
2024-01-12,-0.00598002,-0.00215333,-0.00007340,0.00435683
2024-01-15,0.02104758,0.01364409,-0.01314502,0.01047938
2024-01-16,-0.00019855,0.00374188,0.00308401,-0.01029795
2024-01-17,0.01865110,0.00909821,-0.00766684,0.00805081
2024-01-18,-0.01770884,0.00239420,-0.02624639,-0.01399945
2024-01-19,0.00892080,0.00062165,0.01268990,-0.00210865
2024-01-22,0.01755385,0.01074107,-0.02065654,0.00149117
2024-01-23,0.00987961,0.00488423,-0.01158889,-0.00040941
2024-01-24,0.00557540,0.00284070,0.00439843,0.00191076
2024-01-25,0.00163984,0.00406373,-0.00226362,0.01107428
2024-01-26,-0.00097457,-0.01288580,0.01902831,-0.01857835
2024-01-29,-0.00971216,-0.01526126,0.00376340,0.00434861
2024-01-30,0.00861832,0.00063745,-0.00146136,-0.00037427
2024-01-31,0.01819610,0.00642888,0.00978164,0.00657099
2024-02-01,-0.00101970,0.00343221,-0.01969719,0.00673140
2024-02-02,0.01167211,-0.00465225,0.00224973,-0.00882028
2024-02-05,-0.00992508,-0.00967922,-0.00306739,-0.01099198
2024-02-06,0.01143387,-0.00910293,-0.01742878,0.00673093
2024-02-07,0.01561038,0.01336303,0.00033232,0.01456240
2024-02-08,0.01626907,0.00167377,0.00613571,-0.00607261
2024-02-09,0.00305704,0.00630053,0.00101119,0.00163089
2024-02-12,0.00213635,0.00102754,0.00810168,-0.00239508
2024-02-13,-0.00206171,0.00424580,-0.01266590,0.00658162
2024-02-14,-0.02201358,-0.01186536,0.00987461,-0.01716122
2024-02-15,0.00415289,-0.01040398,0.00893805,-0.01060804
2024-02-16,-0.01558665,-0.00829852,-0.00829728,-0.02168904
2024-02-19,-0.01235165,-0.00095483,0.01623828,-0.01208880
2024-02-20,0.02011599,0.01135256,-0.00720709,-0.00621675
2024-02-21,-0.01596105,-0.00987988,0.00985417,-0.02688072
2024-02-22,-0.01491015,0.00577140,0.01014754,-0.00274286
2024-02-23,0.01141409,-0.00310817,-0.00841272,0.00970878
2024-02-26,0.00857338,0.00680555,-0.00289249,0.00540735
2024-02-27,-0.00347089,-0.00962994,-0.01769858,0.00377044
2024-02-28,-0.00282072,-0.01054305,-0.00801136,-0.00742495
2024-02-29,-0.01902243,-0.01079585,0.00791225,-0.00947433
2024-03-01,-0.01748211,-0.00675873,0.01140980,-0.00648885
2024-03-04,-0.00188238,-0.00189714,0.00597810,0.00650789
2024-03-05,0.00076735,-0.00234103,-0.00227955,0.00048588
2024-03-06,-0.01063183,-0.00472748,-0.00416875,-0.01025423
2024-03-07,0.01006161,0.01644465,-0.00375169,0.01094624
2024-03-08,0.01312973,0.01103921,-0.01175260,0.00864909
2024-03-11,0.01877768,-0.00545287,0.01101288,0.00478298
2024-03-12,0.00756973,0.00604352,-0.02379140,0.01016317
2024-03-13,0.04405513,0.01224717,-0.00798278,0.03454747
2024-03-14,-0.02303811,-0.01868119,0.00054230,-0.02131545
2024-03-15,-0.01353067,0.00066108,0.00142733,-0.00657092
2024-03-18,0.01575870,-0.00627215,-0.00997941,0.00070822
2024-03-19,-0.00101094,0.00050954,0.00385259,-0.00577130
2024-03-20,-0.00537820,-0.00825100,-0.01241775,0.00003577
2024-03-21,0.02208466,0.01277388,-0.01554513,0.00489026
2024-03-22,-0.00385076,-0.00410209,-0.00177249,0.00908927
2024-03-25,0.00938853,-0.01288221,0.00772205,0.00107364
2024-03-26,-0.01014288,-0.00887745,-0.00921413,-0.00028751
2024-03-27,0.00401773,0.00293980,-0.00673933,0.00004420
2024-03-28,0.00564208,0.00265782,-0.00229683,0.00040380
2024-03-29,0.00221316,0.00864075,0.00162467,0.00109288
2024-04-01,0.01696267,0.00522245,-0.00075488,0.00379044
2024-04-02,-0.00204988,-0.00107594,-0.00367231,0.00050053
2024-04-03,0.00108613,-0.00785400,-0.01367419,0.00545604
2024-04-04,-0.00639337,-0.00745118,0.01045359,-0.00330932
2024-04-05,-0.01359389,0.00204608,-0.00521275,0.00091128
2024-04-08,0.01355403,0.00659552,-0.00901230,0.00787233
2024-04-09,0.02447566,0.00401774,-0.02216323,0.00398748
2024-04-10,0.00147118,-0.00315107,-0.00090969,-0.00940006
2024-04-11,-0.00370544,0.00962134,0.01454532,0.00430686
2024-04-12,0.00105990,0.00995137,-0.00637084,0.00361415
2024-04-15,-0.00843754,-0.00651121,-0.00504861,-0.02244050
2024-04-16,-0.00207036,-0.00798730,0.01919022,-0.01376263
2024-04-17,0.02065728,0.00939090,-0.00314410,0.01816131
2024-04-18,-0.00092726,-0.00312086,0.01025833,0.00075909
2024-04-19,0.00187714,-0.00340493,0.00622154,-0.00222925
2024-04-22,0.00856123,-0.00549673,-0.01409266,-0.00626777
2024-04-23,-0.00319380,-0.00513441,0.00469300,-0.01515740
2024-04-24,0.01094716,0.00357355,0.00091643,0.00795163
2024-04-25,0.01118495,-0.00223280,0.00637625,0.00420885
2024-04-26,-0.00982570,-0.00243800,0.00607078,-0.00880861
2024-04-29,0.00234846,0.01178348,0.01038129,0.01940172
2024-04-30,-0.00690718,-0.00309568,0.00714620,-0.00122795
2024-05-01,-0.03002803,-0.00685873,0.00080898,-0.00639891
2024-05-02,0.00843280,0.00306400,-0.01534437,-0.00500240
2024-05-03,0.00560943,0.01474673,0.00735852,0.00925731
2024-05-06,-0.00680832,-0.00680308,0.01744979,-0.00093771
2024-05-07,-0.00523865,0.00174566,0.01040277,0.01431613
2024-05-08,-0.00109651,-0.00042947,0.00858735,0.01018581
2024-05-09,-0.00379469,0.00018930,0.00373380,-0.00101855
2024-05-10,-0.01649924,0.00134290,0.00928144,-0.01450278
2024-05-13,0.00040829,0.00465151,0.00033213,0.00175574
2024-05-14,0.02259314,0.01502580,-0.01530847,0.00835832
2024-05-15,-0.00567068,0.00679597,0.00578952,0.00166461
2024-05-16,-0.00323367,-0.00361258,-0.00157896,0.00626240
2024-05-17,-0.00151097,0.00941481,-0.00811453,-0.00723122
2024-05-20,-0.00466711,0.00054108,-0.01302333,-0.01974953
2024-05-21,0.00223507,0.00037562,-0.01236609,0.00421558
2024-05-22,0.01259784,-0.00041990,-0.00452755,-0.00326515
2024-05-23,0.00190382,0.00347443,0.01658934,-0.00152938
2024-05-24,-0.01539191,-0.00539679,0.00137505,-0.00751679
2024-05-27,-0.00150237,0.00025861,0.00604900,0.00257663
2024-05-28,0.00416659,0.00007033,-0.00889871,0.00889493
2024-05-29,0.00944937,0.00915395,-0.01032103,0.01490733
2024-05-30,-0.00064673,-0.00527528,0.01933627,-0.00840824
2024-05-31,-0.01606247,-0.00421215,0.00936373,-0.02170993
2024-06-03,-0.01383117,0.00230984,0.00428828,-0.00007022
2024-06-04,0.01796537,0.01343998,0.00091727,0.00969343
2024-06-05,0.00236894,0.00969011,-0.00963861,0.00669184
2024-06-06,-0.01642762,-0.00654517,0.00299996,-0.01782768
2024-06-07,0.03557694,0.00708309,0.01144400,0.00055890
2024-06-10,-0.01845146,-0.00922083,0.00019040,-0.00893853
2024-06-11,0.01316954,0.00445717,-0.00343067,0.00886250
2024-06-12,-0.00206503,0.00477460,0.00128739,0.00183599
2024-06-13,-0.00558243,-0.01431382,0.01456779,-0.00943389
2024-06-14,-0.00116108,0.00049120,0.01272505,0.00565221
2024-06-17,0.00564945,0.00143258,0.00096532,-0.00508873
2024-06-18,0.00922905,0.01478262,-0.00083745,0.01616839
2024-06-19,0.00894649,0.00857578,0.00770255,-0.00536932
2024-06-20,-0.02157125,-0.01457234,0.00132606,-0.00914522
2024-06-21,0.03195835,0.01279810,-0.00184265,0.02331770
2024-06-24,0.00163709,0.00657077,-0.00816848,-0.00635600
2024-06-25,0.00521817,0.01114504,-0.00559884,-0.00993163
2024-06-26,0.01068284,0.00560800,-0.00956626,0.01493384
2024-06-27,-0.00596779,0.00334832,-0.01212180,0.00572566
2024-06-28,0.00916549,0.00467760,0.00624934,0.01019287
2024-07-01,-0.00222300,0.00094546,-0.00079122,-0.00071078
2024-07-02,0.00627018,0.00070855,-0.00327565,-0.00086541
2024-07-03,0.01048741,-0.00109921,0.00389011,0.00144855
2024-07-04,0.00394027,0.00021223,-0.02307116,0.00660955
2024-07-05,-0.00658152,-0.00489099,0.01012505,-0.00945080
2024-07-08,0.00776052,0.00200828,-0.00585531,-0.00321976
2024-07-09,-0.01000089,-0.00561758,0.01369165,-0.00464344
2024-07-10,-0.00118305,-0.00363740,0.00541416,0.00199954
2024-07-11,0.01668902,0.00941535,-0.01498389,0.01046543
2024-07-12,0.00608564,-0.00082201,-0.00934303,-0.00430352
2024-07-15,-0.00191401,-0.00847510,0.00180012,0.00092184
2024-07-16,-0.02690231,-0.00115742,0.00290651,-0.00092999
2024-07-17,0.00153608,0.01276821,0.00331878,-0.00790738
2024-07-18,-0.00538335,-0.00009201,-0.01399084,-0.00605580
2024-07-19,0.01193232,-0.00004864,-0.01821739,0.00705860
2024-07-22,-0.00029825,0.01074690,0.01699151,0.00672231
2024-07-23,0.00829968,0.00368097,-0.00050904,0.00455636
2024-07-24,-0.00236271,-0.00112719,-0.00218362,-0.00638695
2024-07-25,-0.00129402,0.00137918,-0.00019526,0.00121601
2024-07-26,-0.01670854,-0.00953213,0.00391683,-0.00123688
2024-07-29,-0.00956108,-0.00410977,-0.00346856,-0.00259164
2024-07-30,-0.00631215,-0.00329342,0.00236239,0.00225098
2024-07-31,-0.00920395,-0.00147726,-0.00109195,-0.00046675
2024-08-01,0.00781458,0.00489130,-0.00648144,0.00429076
2024-08-02,-0.00378355,-0.00835440,-0.00089234,-0.01641523
2024-08-05,-0.01396502,-0.00858597,-0.00335025,-0.00877568
2024-08-06,-0.01613743,-0.01622242,0.00352309,-0.01582558
2024-08-07,0.00049025,0.00429168,0.00194531,-0.00302655
2024-08-08,-0.01544620,-0.00095103,0.00175032,-0.01381802
2024-08-09,0.01076613,-0.00817665,0.00447556,-0.00322436
2024-08-12,0.01003429,-0.00143106,-0.00524392,0.00717207
2024-08-13,-0.01664956,-0.00943805,0.00376459,-0.00784825
2024-08-14,-0.00562781,-0.00419149,-0.00779474,0.00301893
2024-08-15,-0.00599817,0.01032653,-0.01104443,-0.00551890
2024-08-16,0.00771578,0.00408890,-0.00528367,0.01356527
2024-08-19,-0.01304516,-0.00664395,-0.00735156,0.00512961
2024-08-20,0.01210851,-0.00258295,0.00090096,0.00119448
2024-08-21,0.00616823,-0.01529592,0.00120557,0.00160666
2024-08-22,-0.01233088,0.00049680,-0.01151051,-0.00106362
2024-08-23,0.01704240,0.00918816,-0.00204845,-0.00222592
2024-08-26,-0.00349580,-0.00839533,0.01556601,-0.00778791
2024-08-27,0.00115354,0.00614385,0.01620553,0.00574546
2024-08-28,0.00710363,-0.00369670,-0.01654068,0.01155238
2024-08-29,0.00615256,0.00594113,0.00320441,0.00409986
2024-08-30,0.00214226,-0.00189591,-0.01326841,-0.00735729
2024-09-02,0.01212030,0.00774000,0.00741754,0.00837167
2024-09-03,-0.00591565,-0.00408056,-0.00105806,-0.01196997
2024-09-04,0.00603097,0.00259377,-0.00082757,0.00337781
2024-09-05,-0.00339934,-0.00154134,-0.00121875,0.00534859
2024-09-06,0.00484394,0.00663992,0.00406865,0.00231889
2024-09-09,0.00621623,0.00483052,-0.00118534,0.01494411
2024-09-10,-0.00612798,-0.00223576,0.00219860,-0.00767608
2024-09-11,-0.00827644,0.00737760,-0.00932797,0.00932797
2024-09-12,-0.00947118,0.00217575,0.00275125,0.00177308
2024-09-13,0.00295220,0.00110721,-0.00649140,0.00161904
2024-09-16,-0.02344153,-0.01535735,0.00220262,-0.01804204
2024-09-17,0.00331784,0.00481393,0.01709120,-0.00259808
2024-09-18,-0.01696258,0.00290014,0.00376845,0.00098876
2024-09-19,0.01743722,0.00976079,-0.01876138,0.01777251
2024-09-20,-0.00420299,-0.00725015,-0.00701551,0.00357548
2024-09-23,-0.00404636,-0.00155710,0.00206131,0.00473227
2024-09-24,0.00359924,0.01024385,0.01548676,0.00264229
2024-09-25,-0.02094695,-0.00448646,0.01053256,-0.00692052
2024-09-26,-0.00031281,-0.00000110,0.01143944,-0.00383760
2024-09-27,0.01117765,0.00620174,-0.00214090,0.00040242
2024-09-30,-0.00426469,-0.00023070,0.01825433,0.00339972
2024-10-01,0.00899330,-0.00225920,-0.01599249,0.00047839
2024-10-02,-0.00510641,-0.00299269,-0.01171244,0.00041693
2024-10-03,0.01809271,0.01648812,-0.00369854,0.01133424
2024-10-04,0.01493189,-0.00045615,-0.00637609,0.00994164
2024-10-07,0.01248235,0.01062689,-0.01109359,0.00848458
2024-10-08,-0.00340547,-0.00269124,-0.01242542,-0.01056717
2024-10-09,0.00214233,-0.00084936,0.00945167,-0.00485434
2024-10-10,0.02092313,0.00342351,-0.00304950,-0.00646501
2024-10-11,-0.02023655,-0.00861549,0.00969976,-0.01296686
2024-10-14,-0.00435630,0.00705069,0.00451308,-0.01292003
2024-10-15,-0.02010245,-0.00745820,0.01286230,-0.00324636
2024-10-16,0.02889997,0.01304180,-0.00519666,0.00656124
2024-10-17,0.01819180,0.00225306,0.00076023,0.00926561
2024-10-18,-0.01670216,-0.01093331,0.00673701,-0.00951166
2024-10-21,-0.00873682,0.00121631,0.01263630,0.00295481
2024-10-22,0.00387762,-0.00549307,-0.02148912,-0.00184826
2024-10-23,0.01636462,0.00457868,0.00792987,-0.00072004
2024-10-24,0.00338513,0.01095010,-0.00233715,0.01692616
2024-10-25,-0.00414443,-0.00830250,0.00066071,-0.00355037
2024-10-28,0.00159030,-0.00196665,0.01134722,0.00420993
2024-10-29,-0.01513308,-0.00835963,0.00124684,-0.01071437
2024-10-30,0.00486125,0.00197211,-0.01642538,0.00107854
2024-10-31,0.00044102,-0.01427531,-0.00889069,-0.00910033
2024-11-01,-0.02265605,-0.00044354,-0.01193514,-0.00260995
2024-11-04,-0.01499798,-0.01214157,-0.00120385,-0.00631301
2024-11-05,-0.00861696,-0.00021151,0.01582015,0.00320079
2024-11-06,0.00238272,-0.01209757,0.01591710,-0.01378904
2024-11-07,-0.00904809,-0.00155194,0.00937542,0.00555684
2024-11-08,0.01663343,0.00666173,0.01546815,0.00565816
2024-11-11,-0.01035543,-0.00751295,0.01017465,-0.01261675
2024-11-12,0.00264247,0.00360895,0.00294062,0.01497473
2024-11-13,-0.01843317,-0.00613984,0.00161607,-0.00861163
2024-11-14,-0.00079315,0.00342687,-0.00731111,-0.01278740
2024-11-15,0.01523898,-0.00521138,-0.00064627,0.00449035
2024-11-18,-0.01463495,-0.01029985,-0.00297024,-0.01464285
2024-11-19,-0.01994830,-0.00011831,-0.00688421,-0.00093591
2024-11-20,0.00985156,-0.00312607,0.01145325,0.00649121
2024-11-21,0.00231622,-0.00000815,0.00815868,0.00714622
2024-11-22,-0.00874667,-0.00079281,0.00692794,-0.00935584
2024-11-25,0.01538801,0.01385141,0.01097829,0.01122316
2024-11-26,0.00360205,-0.00139211,0.00063858,-0.00037397
2024-11-27,0.00073390,0.01037891,-0.00444749,0.00853909
2024-11-28,0.00715149,0.01151487,-0.00271542,0.00115027
2024-11-29,-0.00088227,-0.00663539,-0.00612154,-0.00514930
2024-12-02,0.03065117,0.01361495,0.00070492,0.00980521
2024-12-03,-0.02173208,0.00512073,-0.00192304,-0.00350746
2024-12-04,-0.00477612,-0.01279392,0.00563064,-0.01027719
2024-12-05,0.01143055,0.01285652,0.01771021,0.00606884
2024-12-06,0.02977614,0.01540865,-0.01312454,0.01010146
2024-12-09,0.01018823,-0.00427192,-0.00473722,0.00817574
2024-12-10,0.00226208,-0.00465258,-0.01116263,0.01131551
2024-12-11,-0.00072812,-0.00152922,-0.00363950,0.00713788
2024-12-12,0.01581911,0.01211548,-0.01028968,0.00963524
2024-12-13,0.00184205,0.00093108,0.00062421,0.01102643
2024-12-16,-0.00780216,0.00453865,-0.01625492,-0.00038978
2024-12-17,0.00186021,0.00248613,-0.00791983,0.00669565
2024-12-18,-0.02146828,-0.01377340,0.00303694,-0.01921260
2024-12-19,-0.01691608,-0.00513487,-0.00221012,0.00346855
2024-12-20,-0.01119243,-0.01099483,0.00936182,0.00554043
2024-12-23,-0.00712400,-0.00520500,0.01370234,-0.00430718
2024-12-24,-0.01203173,-0.00617585,-0.00319552,-0.01552093
2024-12-25,-0.02663387,-0.00193353,0.00541336,-0.00338840
2024-12-26,0.00618181,-0.00309531,-0.01128146,0.00319456
2024-12-27,-0.00291212,0.00334173,0.00803701,0.01464718
2024-12-30,-0.03543758,-0.00675006,-0.01528956,-0.01817686
2024-12-31,-0.00152943,-0.00254986,-0.00131517,-0.00527519
2025-01-01,-0.00934844,-0.01161834,0.00413170,-0.00436640
2025-01-02,-0.01006138,0.00317542,0.00057633,-0.00952030
2025-01-03,-0.01102831,-0.00059125,-0.01205448,0.00273375
2025-01-06,0.01622383,0.01242461,0.01252803,0.00028487
2025-01-07,0.01004027,-0.00035220,-0.01845313,0.00121513
2025-01-08,0.02063429,0.00703356,-0.00259219,-0.00474520
2025-01-09,0.00003421,0.00230899,-0.01233944,0.00803808
2025-01-10,-0.00943868,-0.00038797,0.00570476,0.00833158
2025-01-13,0.02483920,0.00117033,0.00122852,0.00576519
2025-01-14,0.01174386,0.00116071,-0.00248467,0.01216053
2025-01-15,-0.00980993,-0.01187152,0.01721267,-0.00013380
2025-01-16,0.00072921,0.00292058,-0.00461277,0.00070428
2025-01-17,0.00041288,-0.00822300,-0.01281602,-0.00972913
2025-01-20,-0.00481022,-0.00076418,-0.00499134,-0.00800552
2025-01-21,-0.00880635,-0.00811750,0.00578015,0.00101761
2025-01-22,-0.00761108,0.00120975,-0.00632831,-0.00233470
2025-01-23,0.01261324,0.00358557,0.00478168,0.01642887
2025-01-24,-0.00193725,0.00183883,-0.01138425,-0.01143232
2025-01-27,0.00566878,0.00180264,0.01042475,-0.00142728
2025-01-28,-0.01881184,-0.01242162,0.01061215,-0.00379081
2025-01-29,0.00990954,-0.00468418,-0.00437299,0.00020289
2025-01-30,0.00789386,0.00461711,-0.00947509,0.01002240
2025-01-31,0.02146003,0.00909313,-0.00599783,0.01456023
2025-02-03,0.02670221,0.00795851,-0.01235662,0.00717620
2025-02-04,-0.01769773,0.00057506,0.00184354,-0.00273925
2025-02-05,-0.00846248,-0.00567638,0.00585494,-0.00633186
2025-02-06,0.00029405,-0.00406007,0.01309506,-0.00343412
2025-02-07,-0.01107095,-0.00660972,0.00312180,0.00113156
2025-02-10,0.01784670,0.01383811,-0.00220250,0.00570294
2025-02-11,-0.00456677,-0.00447219,-0.02518085,-0.00753160
2025-02-12,-0.00417181,-0.00245779,0.00469666,-0.00832263
2025-02-13,0.00872258,0.01041664,-0.00912228,-0.00323266
2025-02-14,0.02734270,0.01167234,-0.01650437,0.01437488
2025-02-17,-0.02110673,0.00155745,-0.00074758,0.00194039
2025-02-18,-0.01046837,-0.00579341,-0.01415169,-0.00711126
2025-02-19,-0.00295473,0.00145226,-0.00510570,-0.00158881
2025-02-20,-0.00050266,-0.00274527,-0.00295215,0.00226928
2025-02-21,-0.00065374,0.00411902,-0.01052921,-0.00313775
2025-02-24,0.00691564,0.00045463,-0.01119253,0.00062682
2025-02-25,-0.02759475,-0.00439319,0.01380638,-0.00490039
2025-02-26,0.00103974,-0.00200917,-0.00652087,0.00297597
2025-02-27,0.03012421,0.01660166,-0.00973429,0.01761435
2025-02-28,0.00477659,-0.00506508,0.00130319,0.00230385
2025-03-03,-0.01745985,-0.00734962,-0.00116144,-0.01432339
2025-03-04,-0.00078701,-0.00202344,-0.00779610,-0.01567990
2025-03-05,0.01292512,0.00308047,0.00928618,0.01741838
2025-03-06,0.00255273,-0.00885612,-0.01185529,0.00383836
2025-03-07,-0.03217964,-0.01298625,0.01214628,-0.01756898
2025-03-10,0.01371969,0.01336071,0.00053488,0.00805785
2025-03-11,-0.00740508,0.00177397,-0.00735695,-0.00922102
2025-03-12,-0.00987231,-0.00421115,-0.00420434,-0.01350184
2025-03-13,0.00645239,0.00207801,0.00467257,0.00527526
2025-03-14,-0.00083912,0.01131580,-0.00229370,-0.00975423
2025-03-17,-0.00260431,-0.00783686,0.00674050,0.00744176
2025-03-18,-0.02124573,-0.01012299,0.01606263,-0.00320700
2025-03-19,0.00515365,0.00978734,0.00251043,0.00175287
2025-03-20,-0.00221427,-0.00111670,0.00748839,-0.01695292
2025-03-21,-0.00097958,0.00158032,-0.00785792,-0.00376496
2025-03-24,-0.00696263,0.00334948,-0.00491450,0.00783566
2025-03-25,0.00996941,0.00361320,-0.00995111,-0.00166143
2025-03-26,0.01993253,0.01792006,-0.00747262,0.00845424
2025-03-27,-0.01248149,-0.00406988,0.00910114,-0.01230494
2025-03-28,0.00306521,0.00606007,0.00683260,0.00765807
2025-03-31,-0.00982156,-0.00783123,0.00489657,0.00233956
2025-04-01,-0.00302974,-0.00441881,-0.00721116,-0.01206910
2025-04-02,-0.00866074,-0.00133710,-0.00389645,-0.00328809
2025-04-03,-0.02024271,-0.00715723,0.01397499,-0.01897725
2025-04-04,-0.00452259,0.00072871,0.01018911,-0.01350769
2025-04-07,0.01933948,0.00473276,-0.00447279,-0.01070316
2025-04-08,-0.00033282,-0.00472546,0.01978534,0.00501133
2025-04-09,-0.00471848,-0.00550256,0.01188088,-0.00577572
2025-04-10,0.02317793,0.00875501,-0.00401069,0.01685109
2025-04-11,-0.01655856,-0.00502326,0.01382031,-0.00994838
2025-04-14,0.00426531,0.00723024,0.01028676,0.00318069
2025-04-15,-0.00733961,-0.00567935,0.00648549,-0.00619058
2025-04-16,-0.01314623,-0.00867997,-0.01118699,-0.00703629
2025-04-17,-0.00462829,-0.00015943,0.01301217,0.00750146
2025-04-18,0.00795702,0.00480632,-0.00356631,0.00622967
2025-04-21,0.00273463,0.00244192,0.00333142,0.00654211
2025-04-22,-0.00718844,0.00043061,-0.00450113,-0.00101564
2025-04-23,0.02887167,0.01049527,-0.02257425,0.01880910
2025-04-24,0.00065544,0.01433876,-0.01056073,0.00163440
2025-04-25,0.01187669,0.00870155,-0.01914187,0.01440645
2025-04-28,-0.00635073,-0.00943729,-0.00334467,0.00050732
2025-04-29,-0.00337726,-0.00287463,0.01220309,-0.00426682
2025-04-30,-0.00267422,0.00816755,-0.00185897,-0.00611403
2025-05-01,-0.01882915,-0.00923102,-0.00776148,-0.00218192
2025-05-02,0.00835083,-0.00010275,0.00419437,0.00666810
2025-05-05,0.00776203,0.00409298,-0.01740668,0.00396919
2025-05-06,-0.00346990,-0.00908941,0.00602562,-0.01180967
2025-05-07,-0.00509952,0.00628048,-0.00811166,0.00187862
2025-05-08,-0.01685180,-0.00142419,0.00508975,-0.01000772
2025-05-09,-0.00960121,-0.01018582,0.01436984,-0.00728589
2025-05-12,0.00756643,0.00305584,-0.00363090,-0.00029979
2025-05-13,0.03974231,0.01171123,0.00793574,0.02845836
2025-05-14,0.00551145,-0.00015854,0.00989027,-0.00364422
2025-05-15,-0.01140681,-0.00336915,0.00486789,0.00443543
2025-05-16,-0.00194498,0.00411904,-0.01229509,-0.00824635
2025-05-19,0.00711152,0.00102483,-0.01017883,0.01715480
2025-05-20,0.02075662,0.00164697,0.00060057,-0.00511363
2025-05-21,0.01566738,0.01058613,0.00911171,0.00279835
2025-05-22,0.01022178,-0.00090212,0.00398876,-0.00049773
2025-05-23,0.00739047,0.00037505,0.00215697,-0.00069366
2025-05-26,-0.00069467,0.00638447,0.00737585,-0.00208854
2025-05-27,-0.01700495,-0.00098232,-0.00682751,-0.00711867
2025-05-28,-0.00966782,0.00992164,0.01285660,-0.01118829
2025-05-29,-0.00203455,-0.00112272,-0.00363536,-0.01395548
2025-05-30,0.01896720,-0.00182377,0.01125364,0.00016156
2025-06-02,-0.00202961,0.01003890,0.01888074,0.00347089
2025-06-03,0.00321894,0.00352960,0.01280795,-0.00236655
2025-06-04,-0.01611548,0.00561391,-0.00762800,-0.00807636
2025-06-05,-0.00757947,-0.00666378,0.01711217,0.00796236
2025-06-06,0.00332555,0.00200479,0.00335314,-0.00116839
2025-06-09,-0.00335092,-0.00376329,-0.01434325,0.00192941
2025-06-10,-0.01080964,-0.00168849,-0.00703585,-0.01253397
2025-06-11,-0.01522317,-0.00457068,0.00722304,-0.01552477
2025-06-12,-0.01411555,-0.01346810,0.00344052,-0.00839101
2025-06-13,-0.00504338,-0.00374412,0.00508721,0.00825459
2025-06-16,0.00266728,-0.00192845,-0.00591710,-0.00721417
2025-06-17,0.00398994,0.00858366,-0.01443151,-0.00050025
2025-06-18,-0.01230676,-0.00251695,0.00546832,-0.00630169
2025-06-19,0.01085812,0.01543324,-0.01776402,0.01645511
2025-06-20,-0.00439552,0.00117579,0.01026838,0.01164896
2025-06-23,-0.00021453,-0.00255187,-0.00652808,0.01709178
2025-06-24,-0.01147975,-0.00649671,-0.00070422,-0.00386148
2025-06-25,-0.01051625,-0.00456605,-0.01168638,0.00560388
2025-06-26,0.00095350,0.00758629,0.00760222,0.01477553
2025-06-27,0.00438818,0.00091140,0.00347710,0.00676635
2025-06-30,-0.01814979,-0.01132212,0.00835243,-0.01278062
2025-07-01,0.01033511,-0.00713596,-0.01377670,0.00035824
2025-07-02,0.00205785,-0.00477272,0.00302049,-0.01683676
2025-07-03,0.02673588,0.00789706,0.01174858,0.01098008
2025-07-04,-0.01070097,-0.00677346,0.00763327,-0.00121413
2025-07-07,-0.00793293,-0.00859968,-0.01037269,-0.00093573
2025-07-08,-0.01130715,-0.00811033,-0.00337656,0.00705725
2025-07-09,0.01831554,-0.00265588,0.00982810,0.00496285
2025-07-10,-0.00199692,-0.00226075,-0.00348503,-0.00419053
2025-07-11,-0.00549206,-0.00545438,0.01042442,0.00089758
2025-07-14,0.00806543,0.00330395,-0.00548592,-0.00141349
2025-07-15,0.00635691,0.01209431,0.00988188,0.01068593
2025-07-16,-0.00111599,-0.00576849,-0.00487383,-0.00224101
2025-07-17,0.01414126,-0.00173432,-0.00276989,0.00971420
2025-07-18,-0.00794760,-0.00361766,0.00347592,-0.00756641
2025-07-21,-0.01064506,-0.00185019,0.00590455,-0.00841655
2025-07-22,-0.01229000,-0.01128354,0.01571645,-0.01074807
2025-07-23,-0.01265266,-0.00797721,0.00667295,-0.00355244
2025-07-24,-0.00896530,-0.00810538,-0.01548135,-0.00067182
2025-07-25,-0.03428973,-0.01038673,0.00722793,-0.00620989
2025-07-28,-0.01557002,-0.00163077,0.00675166,0.00153309
2025-07-29,-0.00272800,0.00702292,0.00822390,0.00965487
2025-07-30,-0.01081110,0.00992902,-0.00223353,0.01080935
2025-07-31,0.00482301,0.00225314,-0.01259090,-0.00669098
2025-08-01,0.00206120,0.00626425,0.02451576,-0.00177727
2025-08-04,0.01211484,-0.00067001,0.00367235,0.00059823
2025-08-05,-0.00520802,-0.00759847,0.00484810,0.00957213
2025-08-06,0.02782580,0.01227375,-0.01820855,0.00309444
2025-08-07,-0.00583779,-0.01198508,0.01297491,-0.00182604
2025-08-08,-0.01263321,-0.00251233,-0.00395218,-0.01675086
2025-08-11,0.00291307,0.00631717,0.00836420,0.01122440
2025-08-12,-0.02077924,-0.00498675,0.00636439,-0.01379911
2025-08-13,-0.00362283,0.00285990,-0.00848649,0.00780458
2025-08-14,0.00969876,-0.00304233,0.01413869,0.00277924
2025-08-15,0.01013679,0.00903055,-0.01285030,-0.00021236
2025-08-18,0.00006639,-0.00354802,0.02277485,-0.01629542
2025-08-19,-0.01795284,-0.01017738,-0.00106155,-0.00972055
2025-08-20,0.01154454,0.00523135,0.00619033,0.01749149
2025-08-21,0.00624706,-0.00735918,-0.00111875,-0.01411226
2025-08-22,-0.02155767,-0.00209898,0.00949007,-0.01296577
2025-08-25,-0.03207416,-0.01693586,0.02037640,-0.01108919
2025-08-26,-0.02017033,-0.01670918,-0.00849035,-0.02217896
2025-08-27,0.01109386,0.00293492,0.01013849,0.00507214
2025-08-28,0.02953188,0.01178163,-0.01649528,0.00277776
2025-08-29,-0.01212688,-0.01393898,-0.00020964,-0.00503745
2025-09-01,0.01239754,0.00369951,0.00944658,-0.00380341
2025-09-02,-0.00631156,-0.00453480,0.00989533,-0.00829151
2025-09-03,-0.00153627,0.00011816,0.00771017,-0.00223283
2025-09-04,0.01304897,0.00380468,0.02112739,0.00410724
2025-09-05,-0.01370823,0.00017976,0.00688494,-0.00599239
2025-09-08,0.02394289,0.00385789,0.00484469,0.01584867
2025-09-09,0.01329700,0.00744265,-0.00549630,0.00784366
2025-09-10,-0.00711337,-0.00104077,-0.00162500,0.00882298
2025-09-11,0.01996671,0.00490868,-0.00014485,0.01205336
2025-09-12,0.00977044,0.00176714,-0.00514365,-0.00422390
2025-09-15,0.01245130,0.00798265,0.00263665,0.01526737
2025-09-16,-0.00938883,-0.00366030,0.00010791,0.01275364
2025-09-17,0.01496981,0.00676150,-0.01128987,0.02011195
2025-09-18,0.00378651,-0.01416125,-0.00567133,-0.00681126
2025-09-19,0.00816007,0.00567730,0.00987847,-0.00566513
2025-09-22,-0.00926058,-0.00425291,0.01453711,-0.01591384
2025-09-23,0.00301982,0.01199649,-0.01257771,0.01174606
2025-09-24,-0.01735210,-0.00726582,0.01100370,0.00691067
2025-09-25,0.02937134,0.01204967,0.00206022,0.01614918
2025-09-26,-0.00891523,0.00868175,-0.00024780,0.01041235
2025-09-29,-0.00823923,0.00195514,0.00609044,-0.01178868
2025-09-30,-0.01235455,-0.00386014,0.00229326,0.00439587
2025-10-01,-0.00803573,-0.00995027,-0.00238478,-0.01341210
2025-10-02,0.02386371,0.01455504,0.00232640,0.01877293
2025-10-03,0.02218954,0.00475967,-0.00100179,0.00889795
2025-10-06,-0.01192463,-0.00628597,-0.01015406,-0.00477363
2025-10-07,-0.00239194,-0.00499025,0.00496930,-0.00317224
2025-10-08,0.01880876,0.00760053,0.01672713,0.00744004
2025-10-09,0.00522441,0.00616719,0.00770322,0.00939202
2025-10-10,-0.00220261,-0.00256063,-0.00906677,0.00042260
2025-10-13,-0.01149348,-0.00394497,0.00098474,-0.01480493
2025-10-14,-0.01449494,-0.01222468,-0.00110927,-0.00323106
2025-10-15,-0.00514277,-0.00561936,0.01919869,0.00948217
2025-10-16,-0.01918419,-0.00081387,-0.01170043,-0.01657602
2025-10-17,-0.00669057,0.00721029,-0.00345237,0.00486277
2025-10-20,0.00177673,0.00282657,-0.00021822,0.00473101
2025-10-21,0.01148096,-0.00120008,0.00549077,-0.00586213
2025-10-22,0.00533512,0.00147438,-0.00039162,-0.00116246
2025-10-23,-0.00076510,-0.01070860,-0.00721128,-0.01380300
2025-10-24,0.01659094,0.00690589,-0.00162564,0.00933903
2025-10-27,-0.02262017,-0.00778777,0.01481003,-0.00501981
2025-10-28,-0.00750018,-0.00226564,0.01978170,-0.00660881
2025-10-29,0.00629683,0.01295843,0.01030205,0.01150027
2025-10-30,0.00931976,0.00297115,-0.01946589,-0.00347095
2025-10-31,0.00855301,-0.00656876,0.01112607,-0.00515867
